node 1,node 2,weight
STA_1,s1.1,23.53
s1.1,SWN_2,25.93
s1.1,s1.2,31.27
s1.1,s1.3,32.3
STA_2,s1.2,13.23
s1.2,s1.3,10.66
s1.2,s1.5,38.49
STA_3,s1.7,9.84
s1.7,KRP_1,7.52
s1.7,s1.5,17.02
SWN_1,s1.3,15.78
s1.3,s1.4,37.16
SWN_3,s1.6,10.53
s1.6,SLC_2,6.66
s1.6,s1.4,16.48
SLC_1,s1.8,12.35
s1.8,s1.4,37.34
s1.8,s1.9,10.68
s1.8,s1.10,28.12
SLC_3,s1.11,23.92
s1.11,HLL_1,11.16
s1.11,s1.10,23.73
s1.11,s1.12,15.08
s1.11,s2.1,8.34
KRP_2,s1.9,10.86
s1.9,s1.5,37.8
s1.9,s1.10,27.55
KRP_3,s1.12,9.47
s1.12,s1.10,23.04
s1.12,s2.12,44.27
s2.1,PKC_1,21.11
s2.1,s2.2,32.73
s2.12,s2.13,10.13
s2.12,s2.14,10.51
s2.2,HLL_2,15.95
s2.2,PKC_2,14.39
s2.2,s2.3,22.9
s2.3,s2.4,23.09
s2.3,s2.8,27.01
s2.4,PKC_3,9.87
s2.4,s2.5,56.37
s2.8,s2.9,10.83
s2.8,s2.10,30.53
s2.5,s2.6,7.78
s2.5,s2.7,8.66
s2.6,s2.7,8.36
s2.6,KIS_2,8.92
s2.7,s2.85,57.44
s2.85,s2.92,10.04
s2.85,s3.16,23.17
s2.9,s2.11,18.65
s2.9,HLL_3,8.81
s2.10,s2.18,15.62
s2.10,s2.83,17.09
s2.10,s2.86,20.2
s2.11,s2.17,31.85
s2.11,s2.18,11.52
s2.18,NLC_3,10.41
s2.83,s2.82,13.92
s2.83,s2.86,20.74
s2.86,s2.87,26.63
s2.86,KLC_2,28.15
s2.17,s2.15,7.67
s2.17,s2.16,8.54
s2.17,NLC_2,9.76
s2.13,s2.14,6.79
s2.13,s2.16,6.95
s2.14,s2.15,10.42
s2.14,s2.91,12.52
s2.16,HLL_4,14.25
s2.15,s2.91,11.16
s2.15,NLC_2,7.74
s2.91,s2.19,19.63
s2.19,s2.20,19.69
s2.19,PLC_1,13.48
s2.19,NLC_4,27.58
s2.20,s2.22,18.65
NLC_4,s2.22,27.41
s2.22,s2.23,16.18
s2.22,DLC_1,15.52
s2.23,s2.24,24.8
s2.23,s2.26,21.55
s2.24,s2.25,9.32
s2.24,FLC_3,56.17
s2.26,s2.25,15.06
s2.26,s2.36,33.48
s2.26,NLC_5,9.95
s2.25,FLC_4,24.48
FLC_3,s2.28,9.6
s2.36,s2.35,16.52
s2.36,s2.37,15.63
s2.36,NLC_6,10.13
s2.28,s2.29,22.46
s2.29,s2.30,20.31
s2.29,HLC_1,16.55
s2.30,s2.31,15.29
s2.30,s2.32,14.16
HLC_1,s2.39,5.65
s2.31,s2.32,8.71
s2.31,s2.34,42.51
s2.31,FLC_2,11.05
s2.32,s2.33,34.92
s2.34,s2.33,30.46
s2.34,s2.35,14.19
s2.34,s2.37,27.65
s2.33,HLC_4,12.24
s2.35,s2.37,23.54
s2.35,FLC_1,8.59
s2.37,s2.38,16.34
s2.37,s2.89,8.42
s2.38,s2.49,15.05
s2.38,s2.89,12.1
s2.38,HLC_2,12.8
s2.89,s2.87,40.49
s2.49,s2.48,9.59
s2.49,s2.50,15.15
s2.39,s2.40,32.58
s2.40,s2.41,40.31
s2.41,s2.42,21.67
s2.41,HLC_3,12.52
s2.42,s2.43,11.19
s2.42,s2.45,11.62
HLC_3,s2.43,19.02
s2.43,s2.44,16.74
s2.43,s2.48,69.05
s2.45,s2.44,12.18
s2.45,s2.46,23.36
s2.44,s2.47,68.35
s2.44,WLC_4,14.5
s2.48,s2.47,10.79
s2.47,s2.50,9.27
WLC_4,s2.46,14.61
s2.46,s2.63,85.71
s2.63,s2.61,15.58
s2.63,WLC_1,8.28
s2.50,s2.51,13.71
s2.51,s2.52,10.83
s2.51,WLC_3,13.69
s2.52,s2.53,10.49
s2.52,s2.93,16.33
s2.53,s2.54,13.59
s2.53,s2.57,34.92
s2.93,s2.72,19.49
s2.93,OLC_1,12.49
s2.54,s2.55,22.3
s2.54,s2.56,42.5
s2.57,s2.55,29.81
s2.57,s2.58,41.13
s2.57,OLC_4,12.76
s2.55,s2.56,30.58
s2.55,s2.58,19.72
s2.56,s2.59,31.76
s2.56,WLC_2,15.17
s2.58,s2.59,13.22
s2.59,s2.60,18.86
s2.60,s2.61,20.47
s2.60,s2.62,11.78
s2.60,OLC_3,12.09
s2.61,s2.62,17.77
s2.61,s2.64,31.67
s2.61,s7.22,49.21
s2.62,s2.64,25.45
s2.62,s2.65,55.65
s2.64,s2.65,59.39
s7.22,s7.21,45.82
s2.65,s2.66,25.35
s2.66,s2.67,7.51
s2.66,s2.68,14.55
s2.67,s2.69,13.01
s2.67,OLC_2,5.62
s2.68,s2.69,8.62
s2.68,s2.70,14.13
s2.68,s7.12,13.76
s2.69,s2.71,13.72
s2.69,s2.72,63.51
s2.70,s2.81,88.19
s2.70,s2.71,7.84
s2.70,s7.12,11.46
s7.12,s7.11,23.02
s2.71,JLC_2,4.88
s2.72,s2.73,17.98
s2.81,s2.80,13.95
s2.81,JLC_3,14.26
s2.81,s3.79,38.16
s2.73,s2.74,15.08
s2.73,JLC_1,10.59
s2.74,s2.75,17.63
s2.74,s2.77,11.65
s2.74,s2.88,10.06
s2.75,s2.76,35.97
s2.75,s2.77,20.78
s2.75,s2.78,43.3
s2.75,s2.79,49.74
s2.77,s2.82,30.23
s2.88,KLC_1,5.68
s2.88,KLC_2,20.04
s2.76,s2.78,23.77
s2.76,JLC_4,13.28
s2.78,s2.84,10.02
s2.79,s2.80,29.2
s2.79,s2.82,73.22
s2.79,s2.84,24.73
s2.79,s2.90,4.52
s2.82,KLC_2,25.89
s2.82,KIS_1,17.28
s2.84,s2.80,22.3
s2.90,s2.92,10.79
s2.90,s3.1,43.22
s3.79,s3.2,6.92
s3.79,s3.80,9.97
s3.16,s3.13,75.95
s3.16,COP_1,17.68
s2.87,NLC_1,14.25
s3.1,s3.2,29.61
s3.1,s3.4,29.8
s3.2,s3.3,19.93
s3.2,s3.80,9.47
s3.4,s3.3,5.71
s3.4,s3.5,11.23
s3.4,s3.6,9.09
s3.4,COP_2,10.97
s3.3,s3.5,14.76
s3.3,s3.6,5.64
s3.3,COP_2,16.82
s3.80,s3.7,14.78
s3.5,s3.6,12.5
s3.5,COP_2,12.48
s3.5,s3.11,8.72
s3.6,s3.10,10.35
s3.6,COP_2,19.98
s3.11,s3.12,26.75
s3.11,s3.14,33.43
s3.11,s3.81,25.58
s3.10,s3.8,22.1
s3.10,s3.9,11.93
s3.10,s3.15,33.44
s3.10,s3.81,23.99
s3.7,s3.8,12.88
s3.7,s3.19,16.21
s3.7,s7.17,11.25
s3.8,s3.9,14.73
s3.8,s3.19,16.25
s3.19,s3.20,21.13
s3.19,s3.23,56.87
s3.19,s7.17,10.71
s3.19,s7.16,23.41
s7.17,s7.16,21.83
s3.9,s3.15,28.57
s3.9,s3.81,22.65
s3.15,s3.73,24.44
s3.15,s3.81,15.51
s3.12,s3.13,22.64
s3.12,s3.14,32.6
s3.14,s3.17,34.91
s3.13,s3.18,36.06
s3.18,s3.65,83.6
s3.18,ROB_1,9.68
s3.17,s3.68,17.18
s3.17,s3.69,6.01
s3.17,ROB_2,11.99
s3.73,s3.83,18.17
s3.73,MAK_11,27.57
s3.68,s3.66,15.28
s3.68,s3.67,11.94
s3.68,s3.69,13.73
s3.68,ROB_2,19.38
s3.69,s3.70,12.14
s3.69,ROB_2,14.91
s3.65,s3.64,68.65
s3.65,s3.82,10.6
s3.20,s3.21,28.39
s3.23,s3.24,5.8
s3.23,s8.39,19.26
s3.23,s7.14,9.62
s3.23,s7.15,18.91
s7.16,s7.15,19.56
s3.21,s3.22,29.34
s3.22,MAK_2,11.4
s3.22,MAK_3,11.4
s3.22,MAK_4,16.32
s3.24,s3.25,12.29
s3.24,s3.26,41.99
s8.39,s8.36,42.09
s8.39,s8.38,28.02
s8.39,s8.40,111.27
s7.14,s7.13,106.49
s7.14,s7.15,16.23
s3.25,s3.26,42.19
s3.25,MAK_12,7.69
s3.26,s3.27,40.2
s3.27,s3.28,27.67
s3.27,s3.29,29.86
s3.28,s3.29,23.9
s3.28,s3.47,26.21
s3.28,s8.40,22.47
s3.29,s3.30,18.81
s3.47,s3.46,36.78
s3.47,s3.48,50.96
s8.40,s8.41,34.97
s8.40,s8.52,81.58
s3.30,s3.31,17.19
s3.30,MAK_5,5.81
s3.30,MAK_6,12.33
s3.30,MAN_2,6.02
s3.31,s3.32,12.14
s3.31,s3.33,12.61
s3.31,MAK_6,8.9
s3.32,s3.35,27.47
s3.32,s3.37,19
s3.32,s3.44,38.27
s3.33,s3.34,17.47
s3.33,MAK_7,4.21
s3.35,s3.34,14.94
s3.35,s3.36,18.4
s3.35,s3.40,32.53
s3.37,s3.36,5.79
s3.37,s3.38,7.33
s3.44,s3.38,17.64
s3.44,s3.42,24.87
s3.44,s3.45,16.01
s3.44,s3.75,59.69
s3.34,MAK_8,4.55
s3.36,s3.39,6.87
s3.40,s3.41,4.83
s3.40,s3.42,8.8
s3.40,s3.43,10.3
s3.40,MAK_9,9.57
s3.39,s3.38,5.83
s3.39,s3.41,15.58
s3.41,s3.42,4.82
s3.41,s3.43,10.97
s3.41,MAK_9,12.67
s3.42,s3.43,9.83
s3.42,MAK_9,13.71
s3.43,s3.50,23.27
s3.43,MAK_9,8.15
s3.50,s3.51,10.64
s3.50,s3.52,17.31
s3.50,s3.53,18.93
s3.50,MAK_10,11.12
s3.50,COM_3,32.41
s3.45,s3.46,29.32
s3.45,MAN_1,3.13
s3.75,s3.84,5.61
s3.75,COM_1,16.67
s3.46,s3.48,48.85
s3.48,s3.49,9.37
s3.48,s3.58,12.56
s3.49,s3.58,6.48
s3.49,s8.52,17.23
s3.58,s4.1,38.26
s3.58,s4.2,45
s8.52,s8.50,27.57
s8.52,s8.51,17.74
s4.1,s4.5,13.41
s4.1,PAD_4,24.9
s4.2,s4.3,8.58
s4.2,s4.4,11.05
s4.2,s4.5,16.88
s3.51,s3.52,8.14
s3.51,s3.53,9.42
s3.51,s3.57,32.17
s3.51,MAK_10,9.46
s3.52,s3.53,5.39
s3.52,s3.55,13.5
s3.52,MAK_10,10.58
s3.53,s3.54,31.71
s3.53,MAK_10,10.3
s3.57,s3.56,23.06
s3.57,s3.59,18.55
s3.55,s3.54,34.56
s3.55,s3.56,11.52
s3.55,HHLC_5,10.03
s3.54,s3.74,24.83
s3.74,s3.72,19.53
s3.74,HHLC_2,11.17
s3.56,s3.60,29.24
s3.60,s3.61,57.7
s3.60,PNLC_1,17.15
s3.59,s3.77,75.63
s3.59,COM_2,35.14
s3.77,s3.76,5.22
s3.77,s3.78,7.82
s3.61,s3.62,36.56
s3.61,OKLC_1,13.73
s3.62,s3.63,6.92
s3.62,MPLC_1,14.26
s3.63,s3.64,46.76
s3.63,HHLC_4,3.86
s3.64,HHLC_3,5.29
s3.82,s3.66,29.61
s3.82,HHLC_1,9.04
s3.66,s3.67,11.33
s3.66,s3.72,15.1
s3.67,s3.70,17.42
s3.67,s3.71,21.04
s3.67,s3.72,8.19
s3.72,s3.70,20.88
s3.72,s3.71,19.44
s3.70,s3.71,9.59
s3.70,s3.83,11.63
s3.71,s3.83,8.83
s3.71,MAK_11,20.32
s3.83,MAK_11,19.95
s3.84,s3.76,17.76
s3.84,PAD_1,6.75
s3.76,s3.78,8.82
s3.78,s4.21,16.68
s3.78,s4.20,27.73
s4.21,s4.20,12.53
s4.21,s4.22,9.35
s4.21,PAD_2,8.28
s4.20,s4.22,13.47
s4.20,s4.75,90.21
s4.20,PAD_2,16.23
s4.5,s4.6,32.42
s4.3,s4.4,6.95
s4.3,s8.49,16.88
s4.4,s4.6,11.99
s4.4,s4.8,60.73
s8.49,s8.9,21.89
s8.49,s8.50,18.44
s4.6,s4.7,25.35
s4.8,s4.7,49.03
s4.8,s4.9,9.12
s4.8,s4.10,13.27
s4.7,s4.30,46.77
s4.7,HRY_2,16.61
s4.30,s4.29,19.42
s4.30,s4.31,9.74
s4.9,s4.10,7.12
s4.9,s8.5,19.65
s4.10,s4.11,38.13
s4.10,s4.15,65.65
s8.5,s8.3,9.57
s8.5,s8.6,11.8
s8.5,s8.7,20.72
s8.5,s8.9,48.04
s4.11,s4.12,15.34
s4.11,s4.13,16.12
s4.15,s4.16,5.95
s4.15,s4.58,109.33
s4.15,s8.1,20.27
s4.12,s4.14,15.39
s4.12,s4.16,31.92
s4.13,s4.14,16.05
s4.13,STU_2,11.66
s4.14,s4.17,31.88
s4.16,s4.17,58.74
s4.17,s4.18,8.67
s4.17,s4.19,11.36
s4.58,s4.57,16.66
s4.58,s4.59,31.23
s4.58,s15.12,26.16
s8.1,s8.2,40.82
s8.1,s8.11,26.02
s4.18,s4.19,5.11
s4.18,s4.40,7.06
s4.19,s4.41,31.64
s4.19,s4.42,36.27
s4.40,s4.36,23.11
s4.40,s4.41,16.23
s4.40,s4.79,18.1
s4.41,s4.42,18.24
s4.41,s4.62,33.43
s4.42,s4.43,42.1
s4.42,s4.45,21.38
s4.22,s4.23,42.24
s4.22,PAD_2,8.09
s4.75,s4.76,18.59
s4.75,s4.77,26.78
s4.23,s4.24,14.28
s4.23,s4.78,13.58
s4.24,s4.78,11.12
s4.24,s4.25,20.69
s4.78,PAD_3,9.29
s4.25,s4.26,8.85
s4.25,LTT_1,30.05
s4.26,s4.27,15.1
s4.26,s4.28,26.26
s4.27,s4.28,19.71
s4.28,s4.29,16.85
s4.28,s4.34,48.6
s4.28,HRY_1,18.57
s4.29,s4.32,18.12
s4.34,s4.33,6.53
s4.34,s4.35,21.67
s4.32,s4.31,9.42
s4.32,s4.33,28.03
s4.31,STU_1,5
s4.33,s4.35,19.68
s4.35,s4.36,8.07
s4.35,s4.37,9.65
s4.36,s4.37,4.76
s4.37,s4.38,12.22
s4.37,s4.79,23.95
s4.38,s4.39,11.21
s4.38,CDC_1,13.98
s4.79,s4.62,26.79
s4.79,s4.64,17.89
s4.39,s4.64,9.79
s4.39,CDC_1,17.9
s4.64,s4.63,14.86
s4.64,s4.65,18.57
s4.62,s4.60,32.79
s4.62,s4.61,7.45
s4.62,s4.63,16.05
s4.43,s4.44,11.62
s4.43,s4.56,23.97
s4.45,s4.44,23.19
s4.45,s4.47,20.31
s4.45,s4.48,16.01
s4.45,s4.49,23.05
s4.45,s4.51,25.14
s4.45,s4.61,22.35
s4.44,s4.50,5.77
s4.56,s4.55,14.65
s4.56,s4.57,11.27
s4.50,s4.48,18.11
s4.50,s4.52,23.85
s4.50,s4.54,42.77
s4.47,s4.48,21.33
s4.47,s4.49,9.82
s4.47,s4.51,22.24
s4.47,s4.61,15.66
s4.48,s4.49,17.86
s4.48,s4.51,14.69
s4.49,s4.51,11.33
s4.49,s4.60,36.68
s4.51,s4.52,15.56
s4.51,LIB_1,8.02
s4.51,s6.8,41.06
s4.46,s4.65,7.39
s4.46,s4.70,25.34
s4.46,s4.71,53.54
s4.65,s4.66,17.16
s4.70,s4.69,27.52
s4.70,s4.71,36.78
s4.70,s4.72,32.68
s4.71,s4.74,15.74
s4.60,s4.68,13.71
s4.52,s4.53,30.26
s4.54,s4.53,20.29
s4.54,s4.55,10.89
LIB_1,s6.8,35.62
s6.8,s6.6,12.73
s6.8,s6.7,16.47
s4.55,s4.57,12.1
s4.55,s4.59,11.99
s4.59,s6.1,116.55
s4.59,s15.10,28.67
s15.12,s15.11,10.02
s15.12,s15.13,11.81
s6.1,s6.2,21.85
s6.1,s6.3,16.28
s6.1,s6.11,17.79
s6.1,s6.15,18.66
s15.10,s15.9,6.88
s15.10,s15.17,21.17
s4.68,s4.67,5.84
s4.68,s4.80,11.08
s4.63,s4.66,15.86
s4.66,s4.67,20.6
s4.67,s4.69,11.22
s4.69,s4.80,10.14
s4.80,KC_1,7.79
s4.72,s4.73,23.66
s4.72,s4.74,35.39
s4.74,s5.69,38.69
s4.73,KC_2,14.89
s4.73,s5.1,30.14
s5.1,s5.2,16.5
s5.1,KC_3,12.94
s5.69,s5.68,29.44
s5.69,s5.71,21.07
s4.76,s5.89,39.95
s4.76,s5.88,88.09
s4.77,ARB_1,30.09
s4.77,s5.85,20.89
s4.77,s5.81,37.12
s4.77,s5.82,37.1
s5.89,s5.86,6.5
s5.89,s5.88,36.84
s5.88,s5.87,9.37
ARB_1,s5.81,23.66
ARB_1,s5.82,17.65
s5.85,s5.70,70.15
s5.85,s5.86,14.43
s5.81,s5.80,45.1
s5.81,s5.82,12.88
s5.82,s5.83,42.38
s5.2,s5.3,45.36
s5.2,s5.4,30.8
s5.3,s5.6,25.36
s5.3,s5.13,19.43
s5.4,s5.5,5.7
s5.4,s5.6,11.9
s5.4,s5.7,12.69
s5.4,s5.8,16.95
s5.6,s5.5,17.7
s5.6,s5.7,6
s5.6,s5.8,19.56
s5.13,s5.14,10.15
s5.13,s5.15,10.56
s5.13,s5.16,13.22
s5.5,s5.7,15.2
s5.5,s5.8,13.98
s5.5,s6.38,33.46
s5.7,s5.8,14
s5.7,s5.9,32.39
s5.8,PAC_1,16.96
s6.38,s6.36,26.44
s6.38,s6.37,19.03
s6.38,KC_5,29.12
s5.9,s5.10,14.52
s5.9,s5.11,23.27
s5.10,s5.11,13.36
s5.10,s5.12,10.59
s5.10,s5.17,19.96
s5.10,s5.43,9.71
s5.11,s5.17,10.23
s5.11,s5.18,21.38
s5.11,s5.90,20.8
s5.11,PAC_2,13.74
s5.12,s5.39,53.98
s5.12,s5.43,11.92
s5.12,LSH_2,20.33
s5.17,s5.18,14.4
s5.17,s5.19,37.87
s5.17,s5.90,22.08
s5.43,s5.15,33.14
s5.18,s5.19,29.76
s5.18,s5.90,9.57
s5.18,s6.48,21.95
s5.90,PAC_2,8.56
s5.90,s6.48,17.93
PAC_2,s6.48,29.21
s5.39,s5.38,17.66
s5.39,s5.40,7
s5.39,s5.41,24.07
s5.39,s5.42,25.38
s5.39,LSH_1,21.79
s5.14,s5.15,19
s5.14,s5.16,13.75
s5.14,s5.68,49.27
s5.15,s5.16,10.25
s5.16,s5.40,32.2
s5.68,JHZ_1,7.52
s5.40,s5.38,21.12
s5.40,s5.41,22.93
s5.40,s5.42,26.83
s5.19,s5.20,9.69
s5.19,s5.21,15.11
s5.19,LSH_3,15.58
s6.48,s6.47,27.52
s5.20,s5.21,13.06
s5.20,LSH_3,22.01
s5.20,s10.1,28.16
s5.21,s5.22,19.12
s5.21,s5.23,23.14
s10.1,s10.3,37.73
s10.1,LMH_2,16.31
s5.22,s5.23,11.71
s5.22,s5.28,11.46
s5.22,LSH_4,28.73
s5.23,s5.24,7.84
s5.23,s5.25,13.68
s5.23,LMH_1,16.4
s5.28,s5.27,14.24
s5.28,s5.29,7.74
s5.28,s5.30,9.86
LSH_4,s5.30,20.9
LSH_4,s5.31,14.53
LSH_4,s5.91,40.61
s5.24,s5.25,7.53
s5.24,s5.29,12.2
s5.24,LMH_1,16.3
s5.25,s5.26,14.51
s5.25,LMH_1,12.39
s5.29,s5.27,8.01
s5.29,s5.30,10.62
s5.26,s5.27,23.8
s5.26,s10.2,30.77
s5.27,s5.30,11.05
s10.2,s10.7,37.59
s10.2,LOH_1,24.79
s5.30,s5.31,18.38
s5.31,s5.32,10.5
s5.32,s5.33,10.92
s5.32,s5.34,12.06
s5.32,s5.35,14.86
s5.32,s5.36,15.12
s5.33,s5.34,8.42
s5.33,s5.35,18.4
s5.33,s5.36,21.37
s5.33,s5.91,16.92
s5.34,s5.35,11.66
s5.34,s5.36,14.89
s5.34,s5.37,16.96
s5.35,s5.36,6.21
s5.35,s5.58,19.05
s5.36,SH_1,18.61
s5.91,s5.38,11.59
s5.37,s5.38,23.58
s5.37,s5.57,20.88
s5.37,s5.60,16.58
s5.58,s5.44,13.04
s5.58,s5.55,14.14
s5.58,s5.56,11.16
s5.58,s5.57,7.73
s5.38,s5.41,15.23
s5.38,s5.42,12.09
s5.57,s5.44,12.89
s5.57,s5.55,17.6
s5.57,s5.56,6.42
s5.60,s5.59,13.45
s5.60,s5.61,9.31
s5.60,s5.62,23.38
s5.60,s5.63,28.64
s5.60,s5.64,28.9
s5.41,s5.42,8.96
s5.41,s5.67,42.29
s5.42,s5.61,14.32
s5.67,s5.66,12.92
s5.67,s5.70,36.75
s5.67,JHZ_2,3.14
s5.61,s5.59,23.3
s5.61,s5.62,19.35
s5.61,s5.63,23.95
s5.61,s5.64,32.9
s5.44,s5.47,26.41
s5.44,s5.55,6.67
s5.44,s5.56,9.91
s5.47,s5.45,22.93
s5.47,s5.48,31.55
s5.55,s5.45,18.21
s5.55,s5.56,15.45
s5.56,s5.59,14.81
s5.45,s5.46,29.54
s5.46,s5.53,94.57
s5.46,LHH_2,17.88
s5.53,s5.52,18.63
s5.48,s5.49,10.07
s5.48,s5.50,10.56
s5.48,ASH_2,14.59
s5.49,s5.50,16.74
s5.49,s5.54,20.12
s5.49,s5.75,22.33
s5.49,s5.76,21.14
s5.49,ASH_2,17.3
s5.50,s5.51,20.84
s5.50,ASH_2,8.19
s5.54,s5.75,6.2
s5.54,s5.76,9.22
s5.54,s5.74,23.66
s5.75,s5.65,19.94
s5.75,s5.76,6.64
s5.76,s5.64,19.36
s5.51,s5.52,11.83
s5.51,LHH_1,17.11
s5.51,ASH_3,9.73
s5.52,ASH_3,5.48
s5.74,s5.72,8.23
s5.74,s5.73,13.6
s5.74,s5.77,11.2
s5.59,s5.62,34.97
s5.59,s5.63,30.21
s5.59,s5.64,27.25
s5.62,s5.63,11.94
s5.62,s5.64,23.92
s5.62,s5.66,19.95
s5.63,s5.64,13.29
s5.63,s5.65,14.57
s5.66,s5.65,13
s5.66,s5.73,25.66
s5.65,s5.72,16.88
s5.72,s5.73,8.24
s5.72,s5.77,12.53
s5.73,s5.77,9.69
s5.70,s5.71,28.15
s5.70,s5.78,17.38
s5.71,s5.87,36.86
s5.78,s5.77,13.25
s5.78,s5.79,20.22
s5.78,s5.80,12.95
s5.87,s5.86,57.11
s5.77,s5.79,15.8
s5.77,s5.80,17.18
s5.79,s5.80,11.34
s5.79,s5.84,22.49
s5.84,s5.83,11.37
s5.84,ASH_1,17.28
s5.83,ASH_1,18.63
s6.2,s6.3,19.3
s6.2,s6.4,12.41
s6.2,s6.9,28.65
s6.3,s6.4,20.61
s6.11,s6.10,12.87
s6.11,s6.12,6.82
s6.15,s6.14,10.55
s6.15,s6.16,25.67
s6.15,s6.23,31.99
s6.4,s6.5,16.37
s6.4,s6.49,24.39
s6.9,s6.10,31.71
s6.9,s6.29,32.88
s6.9,s6.30,25.16
s6.9,s6.31,28.03
s6.5,s6.6,27.93
s6.5,s6.49,23.34
s6.5,LIB_2,8.26
s6.6,s6.7,18.35
s6.7,KC_4,6.44
s6.10,s6.31,22.9
s6.29,s6.30,15.58
s6.29,s6.36,32.64
s6.30,s6.34,24.76
s6.31,s6.32,61.13
s6.12,s6.14,20.86
s6.12,s6.13,123.3
s6.14,s6.20,37.19
s6.13,s6.25,59.16
s6.13,s6.27,17.84
s6.13,s6.28,11.32
s6.25,s6.24,12.27
s6.25,s12.17,117.92
s6.25,s11.47,48.92
s6.27,s6.28,21.25
s6.27,s12.14,104.06
s6.28,s6.44,20.3
s6.28,s6.46,14.94
s6.20,s6.19,15.07
s6.20,s6.23,15.09
s6.20,s6.24,116.42
s6.16,s6.17,17.32
s6.16,s6.18,27.66
s6.23,s6.19,17.73
s6.17,s6.22,22.04
s6.17,s6.18,24.41
s6.18,s15.17,82.88
s15.17,s15.18,49.15
s6.19,s6.21,12.37
s6.21,s11.48,52.11
s11.48,s11.49,29.1
s12.17,s12.16,20.8
s12.17,s12.23,48.13
s11.47,s11.46,50.12
s12.14,s12.13,14.75
s12.14,s12.15,10.42
s6.44,s6.32,38.38
s6.44,s6.43,13.98
s6.44,s6.45,13.52
s6.46,s6.45,19.58
s6.46,PAC_6,19.29
s6.36,s6.35,19.3
s6.36,s6.37,15.49
s6.36,KC_5,18.06
s6.34,s6.33,8.7
s6.34,s6.35,6.99
s6.32,s6.33,38
s6.33,s6.39,23.19
s6.39,s6.37,26
s6.39,s6.40,18.94
s6.35,s6.37,19.55
s6.40,s6.41,10.38
s6.40,s6.43,14.5
s6.41,s6.42,14.51
s6.41,PAC_3,4.46
s6.43,s6.42,11.73
s6.42,s6.45,17.15
s6.42,PAC_4,6.34
s6.45,PAC_5,9.33
s6.47,PAC_7,44.72
s6.47,s10.4,43.18
s10.4,s10.3,12.21
s10.4,s10.5,12.11
s8.2,s8.3,23.25
s8.2,s8.4,14.87
s8.11,s8.10,51.91
s8.11,s8.12,64.86
s8.3,s8.4,17.33
s8.4,s8.6,22.64
s8.4,s8.10,15.61
s8.6,s8.7,11.14
s8.6,LMP_2,12.66
s8.10,s8.15,40.69
s8.7,s8.8,21.13
s8.7,LMP_2,12.58
s8.7,LMP_1,25.79
s8.9,s8.8,23.57
LMP_2,s8.8,27.38
s8.8,LMP_1,13.29
s8.15,s8.13,30.09
s8.15,s8.14,26.39
s8.15,s8.48,53.32
s8.12,s8.13,52.38
s8.13,s8.14,15.67
s8.13,s8.16,15.54
s8.14,s8.16,16.59
s8.14,s8.17,14.55
s8.14,s8.48,50.04
s8.16,s8.17,17.41
s8.16,s8.18,29.29
s8.17,s8.18,41.26
s8.17,RC_1,22.7
s8.17,s8.47,38.08
s8.48,s8.46,15.72
s8.18,s8.19,40.53
RC_1,s8.47,13.61
s8.47,s8.45,30.56
s8.47,s8.46,29.23
s8.19,s8.20,74.8
s8.20,s8.21,30.19
s8.21,s8.22,65.05
s8.21,s9.14,15.33
s8.22,s8.23,44.35
s8.22,s8.25,38.94
s8.22,s9.15,11.19
s9.14,s9.13,17.49
s9.14,s9.15,65.4
s9.14,KTB_1,22.79
s8.23,s8.24,20.8
s8.23,FH_6,20.68
s8.25,s8.24,44.49
s8.25,s8.26,68.27
s8.25,s9.16,13.53
s9.15,s9.16,32.28
s8.24,FH_5,57.05
s8.26,s8.27,45.76
s8.26,s9.19,12.62
s9.16,s9.12,58.33
s9.16,s9.17,28.37
s8.27,s8.28,109.38
s9.19,s9.18,29.33
s9.19,s9.20,64.54
s8.28,s8.29,29.41
s8.28,s8.31,38.51
s8.29,s8.30,18.15
s8.29,s8.37,23.25
s8.31,s8.30,9.34
s8.31,s8.32,53.4
s8.30,s8.37,21.18
s8.37,s8.38,17.71
s8.32,s8.33,16.45
s8.32,FH_4,14.45
s8.32,FH_3,19.87
s8.33,s8.34,21.41
s8.33,s8.35,21.96
s8.33,FH_4,23.74
s8.33,FH_3,6.91
s8.34,s8.35,9.8
s8.34,s8.36,67.32
s8.35,FH_2,8.11
s8.35,s8.41,79.03
s8.36,s8.38,28.53
s8.41,s8.42,77.17
s8.42,s8.44,28.42
s8.42,s8.43,44.06
s8.42,FH_1,9.8
s8.44,s8.43,30.93
s8.44,s8.45,44.82
s8.44,KHS_2,39.12
s8.44,s8.51,88.34
s8.43,s8.45,41.02
s8.43,RC_2,9.76
s8.45,s8.46,23.79
KHS_2,KHS_1,36.55
s8.51,s8.50,21.19
s8.51,KHS_1,14.46
s8.46,KHS_3,10.18
s10.3,s10.5,11.5
s10.3,s10.6,25.73
s10.7,s10.6,27.11
s10.7,s10.8,23.3
LOH_1,s10.8,39.03
s10.5,s10.35,63.28
s10.6,LMH_3,14.16
s10.35,s12.9,15.39
s10.35,s12.13,102.87
s10.8,s10.9,21.17
s10.9,s10.20,29.63
s10.9,LOH_2,8.03
s10.20,s10.21,24.78
s10.20,s10.22,30.33
s10.20,LOH_3,10.6
s10.21,s10.22,17.11
s10.22,s10.23,23.36
s10.23,s10.24,55.09
s10.23,LOH_4,16.45
s10.24,s10.25,24.93
s10.25,s10.26,12.51
s10.25,s10.27,31.55
s10.25,s10.28,53.61
s10.26,s10.27,30.65
s10.26,s10.30,25.36
s10.27,s10.28,52.27
s10.27,CAC_1,16.24
s10.28,s10.29,55
s10.30,s10.31,18.55
s10.29,s12.1,41.59
s12.1,s12.47,18.16
s12.1,s12.2,19.68
s10.31,s10.32,26.49
s10.31,s10.34,15.41
s10.32,s10.33,13.96
s10.32,CAC_2,24.73
s10.34,s10.33,14.75
s10.33,CR_1,12.76
s12.9,s12.8,17.97
s12.9,s12.10,29.38
s12.13,s12.15,11.35
s12.47,s12.2,22.53
s12.47,s12.46,20.71
s12.2,s12.3,15.68
s12.3,s12.4,44.2
s12.3,NME_2,10.37
s12.4,s12.5,9.62
s12.5,s12.6,12.17
s12.5,NME_1,23.5
s12.6,s12.7,20.93
s12.6,NME_1,24.91
s12.7,s12.8,29.24
s12.7,NMH_1,6.52
s12.8,NMW_5,6.12
s12.10,s12.11,58.43
s12.10,s12.39,19.9
s12.11,s12.12,24.68
s12.11,s12.28,29.16
s12.39,s12.38,40.4
s12.39,MUR_2,3.12
s12.39,NMW_1,4.11
s12.12,s12.15,19.74
s12.12,s12.18,21.09
s12.12,s12.28,25.47
s12.28,s12.29,8.05
s12.15,s12.16,21.96
s12.18,s12.16,20.68
s12.18,s12.19,13.29
s12.23,s12.24,12.23
s12.23,s12.25,11.77
s12.19,s12.20,18.63
s12.19,s12.22,47.14
s12.20,s12.21,48.48
s12.20,CON_1,9
s12.22,s12.25,16.51
s12.22,s12.26,37.11
s12.22,s12.27,34.12
s12.22,CON_2,19.38
s12.21,s12.30,21.51
s12.21,s12.31,10.86
s12.21,s12.32,21.2
s12.30,s12.29,12.49
s12.30,s12.31,24.37
s12.31,s12.32,24.24
s12.31,MUR_1,10.83
s12.32,s12.33,12.95
s12.25,s12.24,13.13
s12.25,s12.26,19.84
s12.25,s12.27,36.96
s12.25,CON_2,23.6
s12.26,s12.24,19.9
s12.26,s12.27,30.73
s12.26,CON_2,34.57
s12.26,s11.42,52.66
s12.27,s12.72,17.02
s12.27,CON_2,23.69
s12.24,s11.43,70.15
s11.43,s11.42,18.49
s11.43,s11.44,39.58
s11.42,s11.44,43.55
s11.42,s11.45,39.64
s12.29,MUR_1,40.2
MUR_1,s12.33,39.23
s12.33,s12.34,27.65
s12.33,s12.35,33.33
s12.34,s12.35,18.25
s12.34,s12.63,19.94
s12.34,s12.48,20.9
s12.35,s12.48,27.56
s12.35,s12.36,62.97
s12.63,s12.64,16.52
s12.48,s12.49,16.31
s12.48,VLC_1,44.91
s12.36,s12.37,19.64
s12.36,s12.40,13.87
s12.36,s12.61,20.75
s12.37,s12.38,38.89
s12.37,MUR_4,2.96
s12.37,NMW_3,4.13
s12.40,s12.62,22.81
s12.40,s12.41,69.47
s12.61,s12.60,29.88
s12.61,s12.62,23.75
s12.61,VLC_2,2.69
s12.38,MUR_3,2.92
s12.38,NMW_2,4.08
s12.62,s12.60,37.54
s12.41,s12.42,39.15
s12.41,s12.43,29.92
s12.41,NMW_4,7.78
s12.42,s12.43,19.06
s12.42,NMW_4,35.13
s12.42,NMH_2,8.01
s12.43,s12.44,46.35
s12.44,s12.45,52.01
s12.44,NME_5,8.08
s12.45,s12.46,37.22
s12.45,NME_4,3.88
s12.46,NME_3,2.6
s12.49,s12.50,22.71
s12.49,s12.51,29.57
VLC_1,s12.51,10.21
VLC_1,s12.53,40.02
s12.50,s12.51,11.35
s12.50,s12.52,20.45
s12.50,s12.75,19.6
s12.51,s12.52,29.09
s12.52,s12.53,12.79
s12.53,s12.54,11.12
s12.54,s12.55,21.02
s12.54,s12.56,29.21
s12.55,s12.56,19.32
s12.55,s12.73,12.1
s12.55,s13.19,20
s12.56,s12.57,60.68
s12.56,s13.19,28.3
s12.73,s12.71,15.21
s12.73,s12.74,78.84
s12.73,s13.19,21.06
s13.19,s13.16,11.29
s12.57,s12.58,24.15
s12.57,s13.27,120.74
s12.58,s12.59,39.95
s12.58,VLC_4,1.89
s13.27,s13.26,13.51
s13.27,s13.28,16.82
s12.59,s12.60,11.24
s12.59,VLC_3,2.68
s12.64,s12.65,24.96
s12.65,s12.66,14.62
s12.66,s12.67,18.98
s12.67,s12.68,14.6
s12.68,s12.69,21.54
s12.69,s11.2,14.39
s11.2,s11.1,64.02
s11.2,s11.3,36.37
s12.70,s12.74,16.72
s12.74,s13.1,25.96
s12.74,s11.1,24.64
s13.1,s13.2,26.22
s11.1,s11.41,221.83
s13.2,s13.3,45.4
s13.2,s13.4,36.67
s13.3,s13.5,36.42
s13.3,s13.13,11.54
s13.4,s13.5,34.18
s13.4,s13.45,186.42
s13.5,s13.6,33.42
s13.13,s13.8,15.42
s13.13,s13.14,19.49
s13.13,s13.15,10.47
s13.45,s13.44,32.79
s13.45,s13.46,84.22
s13.6,s13.7,7.87
s13.6,s13.9,13.93
s13.6,SAE_1,11.11
s13.7,s13.8,18.29
s13.7,s13.10,17.5
s13.9,s13.10,15.66
s13.9,s13.21,23.23
s13.9,s13.38,12.43
SAE_1,s13.38,9.68
s13.8,s13.10,26.27
s13.10,s13.11,13.2
s13.21,s13.20,12.35
s13.21,s13.22,15.46
s13.38,s13.37,30.57
s13.11,s13.12,12.6
s13.11,s13.20,20.5
s13.12,s13.14,16.45
s13.12,s13.16,17.85
s13.12,s13.17,13.29
s13.20,s13.18,35.52
s13.14,s13.15,18.15
s13.14,s13.16,16.63
s13.16,s13.15,31.67
s13.16,s13.17,17.1
s13.17,s13.18,8.2
s13.18,SAC_1,15.99
s13.22,s13.23,12.33
s13.22,SAC_2,16.29
s13.23,s13.24,11.84
s13.23,s13.30,18.98
SAC_2,s13.24,13.5
s13.24,s13.25,12.1
s13.30,s13.29,13.07
s13.30,s13.31,14.02
s13.25,s13.26,10.73
s13.25,s13.29,12.13
s13.26,s13.28,13.66
s13.29,SAD_1,15.84
s13.28,s13.52,47.31
s13.52,s13.51,20.17
s13.52,s13.53,16.51
SAD_1,s13.31,15.46
s13.31,s13.32,62.64
s13.32,s13.33,22.33
s13.32,s13.40,26.91
s13.33,s13.34,15.56
s13.33,s13.39,22.15
s13.40,s13.41,15.46
s13.40,SAD_4,17.04
s13.34,s13.35,16.75
s13.34,SAE_3,11.44
s13.39,s13.41,12.42
s13.39,SAE_4,21.98
s13.35,s13.36,37.29
s13.35,SAE_3,27
s13.36,s13.37,15.02
s13.36,SAE_2,11.03
s13.37,SAE_2,23.74
s13.41,s13.42,29.26
s13.41,SAE_4,13.69
s13.41,SAD_4,14.75
s13.42,s13.44,48.28
s13.42,s13.43,64.24
s13.43,s13.47,15.83
s13.47,s13.48,20.5
s13.48,s13.49,13.61
s13.48,SAD_3,5.8
s13.49,s13.53,27.23
s13.49,s13.50,21.74
s13.53,SAD_2,8.57
s13.50,s13.67,29.6
s13.50,GMAC_2,8.81
s13.67,s13.63,33.74
s13.67,s13.66,20.36
s13.67,s13.68,21.28
s13.51,s13.54,12.5
s13.51,GMAC_1,13.74
s13.54,s13.55,17.76
s13.54,s13.70,15.67
s13.55,s13.56,17.08
s13.55,GWEX_1,4.17
s13.70,s13.56,18.2
s13.70,s13.66,20.89
s13.70,s13.71,26.6
s13.56,s13.71,23.69
s13.56,GWEX_1,10.1
s13.71,s13.57,23.28
s13.57,s13.72,16.27
s13.57,GOAK_1,4.23
s13.72,s13.73,18.79
s13.58,s13.73,21.88
s13.58,GTUS_1,4.16
s13.59,s13.74,27.07
s13.59,GKWN_1,12.89
s13.74,s13.60,22.88
s13.74,s13.61,28.14
s13.74,s13.64,31.32
s13.60,s13.61,18.78
s13.60,GKWN_2,36.94
s13.61,s13.63,21.88
s13.61,s13.64,32.81
s13.61,GBEN_1,4.89
s13.63,s13.62,24.63
s13.63,s13.69,15.75
s13.64,s13.65,25.52
s13.64,s13.68,37.2
s13.62,GBEN_2,23.38
s13.69,s13.68,12.93
s13.65,s13.68,12.2
s13.65,s13.66,18.2
s11.3,s11.4,64.37
s11.3,s11.40,64.11
s11.3,LVA_6,16.95
s11.4,s11.5,32.51
s11.4,s11.34,47.61
s11.4,s11.45,20.04
s11.4,LVA_6,23.34
s11.40,s11.35,65.93
s11.40,s11.39,90.7
LVA_6,s11.34,9.27
s11.5,s11.6,50.7
s11.5,s11.32,48.51
s11.5,s11.44,21.87
s11.5,LVA_3,18.98
s11.34,s11.33,22.47
s11.34,s11.35,16.65
s11.6,s11.7,38.14
s11.6,LVA_3,16.35
s11.32,s11.31,16.89
s11.32,s11.33,23.06
s11.32,LVA_3,7.8
LVA_3,s11.7,8.46
LVA_3,s11.16,8.99
s11.7,s11.8,50.49
s11.7,s11.46,74.09
s11.8,s11.9,33.93
s11.8,s11.16,46.83
s11.9,s11.10,52.26
s11.9,s11.15,47.07
s11.9,LVA_1,14.83
s11.16,s11.17,19.44
s11.16,s11.18,25.16
s11.10,s11.11,31.58
s11.10,s11.12,42.92
s11.10,s11.49,72.38
s11.10,LVA_1,7.24
s11.15,s11.14,16.91
s11.15,s11.18,24.53
s11.15,LVA_1,6.65
LVA_1,s11.12,10.03
LVA_1,s11.13,7.08
s11.11,s11.12,22.14
s11.11,s15.1,138.93
s11.12,s11.13,34.34
s15.1,s15.2,11.25
s11.13,s11.14,86.09
s11.13,s11.25,71.75
s11.14,s11.20,18.33
s11.14,s11.18,17
s11.25,s11.24,71.73
s11.25,LVA_2,8.64
s11.20,s11.18,25.24
s11.20,s11.21,14.53
s11.20,LVA_2,7.18
s11.18,s11.17,16.08
s11.18,s11.19,25.59
s11.17,s11.19,18.51
s11.17,s11.31,138.77
s11.19,s11.22,14.75
s11.19,LVA_4,9.4
s11.31,s11.30,16.81
s11.31,s11.33,17.76
s11.22,s11.21,30.91
s11.22,s11.23,31
LVA_4,s11.26,8.2
LVA_4,s11.27,11.21
LVA_4,s11.29,10.68
LVA_4,s11.30,10.13
s11.21,s11.24,31.82
LVA_2,s11.24,15.34
s11.24,s11.23,48.52
s11.23,s11.26,44.52
s11.26,s11.27,48.5
s11.27,s11.28,41.27
s11.28,s11.29,32.6
s11.28,s11.38,47.83
s11.29,s11.30,16.73
s11.29,s11.37,33.24
s11.38,s11.37,32.36
s11.38,s11.39,34.99
s11.30,s11.33,24.28
s11.37,s11.36,16.59
s11.37,LVA_5,12.4
s11.33,s11.35,17.51
s11.33,s11.36,25.59
s11.35,s11.36,16.08
s11.36,LVA_5,9.75
LVA_5,s11.39,11.33
s7.1,s7.2,61.97
s7.1,s9.22,121.65
s7.2,s7.3,19.24
s7.2,s7.8,6.4
s9.22,s9.20,14.46
s9.22,s9.23,40.91
s9.22,s9.26,41.9
s7.3,s7.4,30.29
s7.8,s7.7,23.61
s7.4,s7.5,8.54
s7.4,s7.9,119.41
s7.5,s7.6,18.3
s7.5,s7.18,48.73
s7.9,s7.10,18.22
s7.6,s7.7,8.95
s7.6,s7.23,50.93
s7.18,s7.19,11.97
s7.7,s7.24,104.49
s7.23,SER_1,66.15
s7.24,AH_1,59.06
s7.10,s7.11,31.53
s7.10,s7.13,20.6
s7.19,s7.20,22.28
s7.19,s7.21,13.42
s15.2,s15.3,26.5
s15.2,s14.1,185.23
s15.3,s15.4,36.35
s15.3,s14.4,57.02
s14.1,s14.2,66.96
s14.1,SF_1,32.12
s15.4,s15.5,30.12
s15.4,s15.6,58.78
s14.4,s14.3,73.66
s14.4,CC_1,9.74
s15.6,s15.7,20.94
s15.6,s15.8,18.92
s15.6,s14.3,66.58
s15.7,s15.9,178.25
s15.8,s15.22,50.27
s14.3,s14.5,95.02
s15.9,s15.11,14.61
s15.22,s15.23,60.11
s15.11,s15.13,12.33
s15.13,s15.14,64.52
s15.13,s15.15,64.49
s15.15,s15.16,32.13
s15.18,s15.19,32.77
s15.18,s15.20,26.02
s15.18,s15.21,34.12
s15.23,s15.24,152.43
s15.24,s9.1,21.8
s15.24,BF_1,66.37
s9.1,s9.2,22.75
s9.1,s9.4,34.87
s14.2,s14.5,74.1
s14.2,TLS_1,20.76
s9.2,s9.3,21.18
s9.2,s9.4,23.94
s9.4,s9.3,35.18
s9.4,s9.5,79.48
s9.3,s9.13,53.49
s9.13,KTB_1,24.3
s9.5,s9.6,55.59
s9.6,s9.7,36.94
s9.7,s9.8,19.59
s9.8,s9.9,36.3
s9.8,s9.31,84.69
s9.9,s9.10,44.52
s9.31,s9.28,137.03
s9.31,LS_1,8.91
s9.10,s9.11,47.4
s9.11,s9.12,24.37
s9.11,TC_2,15.16
s9.17,s9.18,17.21
s9.17,TC_1,13.44
s9.18,TC_1,12.68
s9.20,s9.21,35.42
s9.23,s9.24,76.88
s9.23,s9.25,56.51
s9.23,s9.26,34.53
s9.26,s9.24,74.35
s9.26,s9.27,95.49
s9.24,s9.27,43.08
s9.24,RAC_1,19.99
s9.25,RAC_2,6.64
s9.27,s9.28,87.78
s9.28,s9.29,75.01
s9.29,s9.30,81.5
s9.29,LS_2,18.67
s9.30,MPF_1,7.76